{
  "scenario_1": {
    "scenario": "individual",
    "total_lambdas": 5,
    "successful_lambdas": 5,
    "failed_lambdas": 0,
    "success_rate": 100.0,
    "total_inserts": 10,
    "total_errors": 0,
    "total_duration_ms": 509.71007347106934,
    "total_duration_seconds": 0.5097100734710693,
    "throughput_inserts_per_second": 19.618996210730355,
    "latency_ms": {
      "min": 85.20388603210449,
      "max": 503.76200675964355,
      "avg": 306.0111999511719,
      "median": 425.10199546813965,
      "p95": 503.76200675964355,
      "p99": 503.76200675964355
    },
    "lambda_duration_ms": {
      "min": 22.69458770751953,
      "max": 203.74560356140137,
      "avg": 101.45950317382812,
      "median": 126.56164169311523,
      "p95": 203.74560356140137,
      "p99": 203.74560356140137
    },
    "lambda_throughput": {
      "min": 9.816162729603509,
      "max": 88.12673866453754,
      "avg": 40.95526787702079,
      "median": 15.802576303881786
    },
    "errors": []
  }
}